INSERT INTO user_id VALUES ('NQ15HD0BL4JSIAZMHKU08D2ZNIZQAR');
INSERT INTO user_id VALUES ('9GF7EYXJHQSYKBGATY9XY4SG1W9QR8');
INSERT INTO user_id VALUES ('0M95348KHZ78CYN3HX9IQY9RXDU31E');
INSERT INTO user_id VALUES ('QIX9TI29J5EFP420V4F6EZ2IJDD253');
INSERT INTO user_id VALUES ('E4MVR6UTLJ2V8DLICYQ35HQ6YVT1OV');
INSERT INTO user_id VALUES ('T1RRJCFUOYNFO40UM5LZDFVM1N6EJW');
INSERT INTO user_id VALUES ('W59Y92AZ7UMN5ZU96UW8IYVZO15NU6');
INSERT INTO user_id VALUES ('661W1EA3BGMRR5JFXAHAX9695528P0');
INSERT INTO user_id VALUES ('EYAI88D551Z8A539FI4JERIEKD123T');
INSERT INTO user_id VALUES ('9E47WT961W259XN00D1ZFI4ETYMBZ8');
INSERT INTO user_id VALUES ('3L404R2ORVOMUKTSE4B7JD7KDEWX0C');
INSERT INTO user_id VALUES ('E90XUXYRG201RF501J6D8F71QUW06S');
INSERT INTO user_id VALUES ('VS7CU1JZLOXSXA4UT5OO2ZE8EQ54R5');
INSERT INTO user_id VALUES ('G911AECDVT4YMPFE007BLMJ1XLEU1M');
INSERT INTO user_id VALUES ('53C1GANJB8Q8HL1M2F9BKR8WVZ6U28');
INSERT INTO user_id VALUES ('WEHZ83J9FVJAE6O5G668JQ8KA954OC');
INSERT INTO user_id VALUES ('YE0IW2QF99T561UCO2FKHVESR94KJH');
INSERT INTO user_id VALUES ('FA06T53MX237TND6H12TA1RQ3ZGAXI');
INSERT INTO user_id VALUES ('WLUNPDMUJ9LI5OOSU36MLXGFX9IO6K');
INSERT INTO user_id VALUES ('IKZSM27JLKVN3VAV1FXR785X33LLXQ');
INSERT INTO user_id VALUES ('RFQ22AND3AWTMVS2KFYK0EXB950FN3');
INSERT INTO user_id VALUES ('DUA6B92JTSU5BWVLC9F6ZTK4CMR0W2');
INSERT INTO user_id VALUES ('FRTB2MAHBZIPOJ6HOZCLX4E0V666PR');
INSERT INTO user_id VALUES ('ZI9LTO4QOWJK9KMU5IJGHLK1VFZLRC');
INSERT INTO user_id VALUES ('9TQXC4MUHZF6KFD6I1UEPK1LVKOW23');
INSERT INTO user_id VALUES ('4LUV1PQKQYAGJVFNDJONJP9YWGQUKH');
INSERT INTO user_id VALUES ('18N7GSSUEQVXV9ON1P9T666J4EZ08S');
INSERT INTO user_id VALUES ('BT472R01AEJ22ZMWZGZTLK6OMTY0JG');
INSERT INTO user_id VALUES ('8PRDH20KFB1IS3VX6K1SOHA0983JQX');
INSERT INTO user_id VALUES ('OK4C90QA3FLI46Z53M9NLH8A7G27CK');
INSERT INTO user_id VALUES ('1N33U92VVP061KZAY0S9N517D2IA7P');
INSERT INTO user_id VALUES ('ZOIWFYSRO7T5NNANY7XQD24R97P33I');
INSERT INTO user_id VALUES ('MIYB426LVNN750MM6PUCFCLJCNJBKM');
INSERT INTO user_id VALUES ('7JNIUVK0X3PSALK0ZFOP1A3MNXBMRI');
INSERT INTO user_id VALUES ('CCABKDVTQ1WQFCHCA6USPMF1SL4UB3');
INSERT INTO user_id VALUES ('XRJNR7I42GYL2ZUIDZW0S6IJSLSJY0');
INSERT INTO user_id VALUES ('ORUUDMKYM96UI0S9SCG36G5WZR8XF3');
INSERT INTO user_id VALUES ('FL8KFWJ5E693T21UO4VYFBDXWL2SL5');
INSERT INTO user_id VALUES ('RWZ2B03I63XNNUAR2YN23RTTA6I4Y9');
INSERT INTO user_id VALUES ('KTHE3DZOVENPQGGPM3TCTW537JDFMJ');
INSERT INTO user_id VALUES ('QHMMS31RM65IS1RCFVD3DZAMT0OB9K');
INSERT INTO user_id VALUES ('RBM16MJR2LOGUQRDSE48KFGYEO0TIM');
INSERT INTO user_id VALUES ('EEEITO5Z9PA21TWSDGAB6E4ILQQ7BE');
INSERT INTO user_id VALUES ('O833ZSYOISS07NCRKGKKXPR521QCR8');
INSERT INTO user_id VALUES ('TARDUB4I12ISAIV1LDL36D23UJNS8M');
INSERT INTO user_id VALUES ('ZKCVA5WJVP2SOF5WPSWZ9SHCFFD1SC');
INSERT INTO user_id VALUES ('X15ET5VRMWLMSUYH5ZA6T1JMM58GLC');
INSERT INTO user_id VALUES ('F0JDA889NDCWN67EQC2H75C71VB37Q');
INSERT INTO user_id VALUES ('CQJG8TLJMPYY6GP3T09FON0AXOM2HB');
INSERT INTO user_id VALUES ('206DE4D2RKTGC7SE2XYAIWRWSVH49O');
INSERT INTO user_id VALUES ('XZDOPEKQ8TNY8VXN9NW19R98YLQZER');
INSERT INTO user_id VALUES ('6J2CFKSDS1NKJ0WO0Z32840U7JVRFW');
INSERT INTO user_id VALUES ('NP8HJZ3GG1WDE9U7720IHQG472L9IJ');
INSERT INTO user_id VALUES ('C26578YVQOW34JPLK8XAQ81UY5VVZC');
INSERT INTO user_id VALUES ('K1G56BXRAWA6OOY3SZ1RVCR2R0ROB2');
INSERT INTO user_id VALUES ('1K5D3Z1SLWQTA84C92RCTNR9DMM0SH');
INSERT INTO user_id VALUES ('LXSIMNWYKSGMS01KZUPLVUKW2TFPWU');
INSERT INTO user_id VALUES ('ILKCOV7FK5C2WUFBSNPBXUTGGN3LT4');
INSERT INTO user_id VALUES ('14N0FW9PYC5ZSXHSJ3K4XBHEHG81BK');
INSERT INTO user_id VALUES ('9JA26FT9ZM3NHGYOLJK9SIO5D0YE2D');
INSERT INTO user_id VALUES ('QND76KR5C0ICWQBFOI0R06CI413JJG');
INSERT INTO user_id VALUES ('AZ4AHMR0F1L7UPNUJTI3XT7E4L1A90');
INSERT INTO user_id VALUES ('HGV9PKP8DZTBXUI03VZLENFVU2NNV7');
INSERT INTO user_id VALUES ('9TNQGUBH03NJBX45ER1ZQIX32866JP');
INSERT INTO user_id VALUES ('MKQ9Z6DS8C5GOK8R0RXSK76PKQCYO8');
INSERT INTO user_id VALUES ('Z47MGTF0TPQB9IDGFDSQ7Q97Q1W7W5');
INSERT INTO user_id VALUES ('6DGKYIQQPBKGB09FBXHI32VAW8CNQA');
INSERT INTO user_id VALUES ('6HEBYQSEB34TV4415PXFUNAIT19H33');
INSERT INTO user_id VALUES ('3HIAT62XMN7YUHB00ENPVPQERA4A1U');
INSERT INTO user_id VALUES ('PFCOAVPJ4VZAVITIRHAN6U79RQE0WD');
INSERT INTO user_id VALUES ('4JJNK02ODJEWCPY47CF42I31FYPQH3');
INSERT INTO user_id VALUES ('3VM3YS3N68IH0N5891YIIUAFWMBBPE');
INSERT INTO user_id VALUES ('HMROMRZAAN7F5V79L69FGN2T5PS2M7');
INSERT INTO user_id VALUES ('RHTB2XOLWCIIGR8SI0HCL4JEU0XKHW');
INSERT INTO user_id VALUES ('WZ7Y0EFESD6B6MNBFRZX1M9G756VHU');
INSERT INTO user_id VALUES ('4GW2YXJ3614EJBCCL8QBZEWX77Q6PP');
INSERT INTO user_id VALUES ('Q4ADGMTLML6FPBG88CYEJEX2AJR1OU');
INSERT INTO user_id VALUES ('V9XBOJQ7T6JBQXO7MPD1VNTCJE3UPT');
INSERT INTO user_id VALUES ('RQ273VQRGCO0V4NK5OF1XE59VQ9RKR');
INSERT INTO user_id VALUES ('J2YFS7OHKJXTRFY1CTNPKGMO80ZU0P');
INSERT INTO user_id VALUES ('R6HIER0LO3U2Y1U3RGJWWR6HXTSEWD');
INSERT INTO user_id VALUES ('8LIW6S01F5K7HDJOVPCRW6HXUNFSAU');
INSERT INTO user_id VALUES ('GG1YHNDY7GZDS49O0J5FD989MON1YW');
INSERT INTO user_id VALUES ('FPPOFKQ21B073DXV0YIHS0ONS2C9X2');
INSERT INTO user_id VALUES ('ZIDODPYPLEGFD64I29J8ZXRBV0UPR5');
INSERT INTO user_id VALUES ('MHYOG5RL8W45IBW5S6BSZII4GMBV0V');
INSERT INTO user_id VALUES ('JKMNNMQE7JOSEDY7I9B3TF6I5IIY71');
INSERT INTO user_id VALUES ('RHZGQUWAE3OFVQ1QQH6SI8344WEKLI');
INSERT INTO user_id VALUES ('96EA7X56COQOW7JYI6MJVRAGTCC4ZU');
INSERT INTO user_id VALUES ('YCU2GH1QPHKBHW7HRUAA5J6LAMSDZB');
INSERT INTO user_id VALUES ('N2AQ6YS5OTX2FOB3M9Y1QA9XCBTI0L');
INSERT INTO user_id VALUES ('CCBZNUD59WJUD50LRF3KM52QK6LO4I');
INSERT INTO user_id VALUES ('FXJBVMVKCVZFJ16MYLTARZ6MDSO92J');
INSERT INTO user_id VALUES ('ZNKWVFAIAC146XHOK435QJYDI4X2PL');
INSERT INTO user_id VALUES ('3KXBESOJHMWZ512OUJWA4A0UGN71AT');
INSERT INTO user_id VALUES ('DQXE74UH8WC8B9JIT61TCNAX51S8QJ');
INSERT INTO user_id VALUES ('HOFPZ6WE26I7080L2VYT1AKDR4S9L4');
INSERT INTO user_id VALUES ('31RJDQNF55XHQVIVW031COFZ1NA90J');
INSERT INTO user_id VALUES ('30U0L1KNG0VY085ORC97IWM70LV0WZ');
INSERT INTO user_id VALUES ('QH1L0L5EJUPNOSOV1N77I9J9QUHH2X');
INSERT INTO account VALUES ('ARS', 875014, 'NQ15HD0BL4JSIAZMHKU08D2ZNIZQAR');
INSERT INTO account VALUES ('ARS', 361960, '9GF7EYXJHQSYKBGATY9XY4SG1W9QR8');
INSERT INTO account VALUES ('USD', 535316, '0M95348KHZ78CYN3HX9IQY9RXDU31E');
INSERT INTO account VALUES ('GBP', 251603, 'QIX9TI29J5EFP420V4F6EZ2IJDD253');
INSERT INTO account VALUES ('GBP', 738697, 'E4MVR6UTLJ2V8DLICYQ35HQ6YVT1OV');
INSERT INTO account VALUES ('USD', 342395, 'T1RRJCFUOYNFO40UM5LZDFVM1N6EJW');
INSERT INTO account VALUES ('ARS', 895017, 'W59Y92AZ7UMN5ZU96UW8IYVZO15NU6');
INSERT INTO account VALUES ('EUR', 702909, '661W1EA3BGMRR5JFXAHAX9695528P0');
INSERT INTO account VALUES ('EUR', 2954, 'EYAI88D551Z8A539FI4JERIEKD123T');
INSERT INTO account VALUES ('EUR', 188406, '9E47WT961W259XN00D1ZFI4ETYMBZ8');
INSERT INTO account VALUES ('EUR', 573166, '3L404R2ORVOMUKTSE4B7JD7KDEWX0C');
INSERT INTO account VALUES ('USD', 58787, 'E90XUXYRG201RF501J6D8F71QUW06S');
INSERT INTO account VALUES ('USD', 400974, 'VS7CU1JZLOXSXA4UT5OO2ZE8EQ54R5');
INSERT INTO account VALUES ('GBP', 377978, 'G911AECDVT4YMPFE007BLMJ1XLEU1M');
INSERT INTO account VALUES ('ARS', 212214, '53C1GANJB8Q8HL1M2F9BKR8WVZ6U28');
INSERT INTO account VALUES ('USD', 681787, 'WEHZ83J9FVJAE6O5G668JQ8KA954OC');
INSERT INTO account VALUES ('EUR', 934056, 'YE0IW2QF99T561UCO2FKHVESR94KJH');
INSERT INTO account VALUES ('EUR', 13049, 'FA06T53MX237TND6H12TA1RQ3ZGAXI');
INSERT INTO account VALUES ('USD', 162797, 'WLUNPDMUJ9LI5OOSU36MLXGFX9IO6K');
INSERT INTO account VALUES ('ARS', 56465, 'IKZSM27JLKVN3VAV1FXR785X33LLXQ');
INSERT INTO account VALUES ('USD', 616809, 'RFQ22AND3AWTMVS2KFYK0EXB950FN3');
INSERT INTO account VALUES ('USD', 232125, 'DUA6B92JTSU5BWVLC9F6ZTK4CMR0W2');
INSERT INTO account VALUES ('USD', 823824, 'FRTB2MAHBZIPOJ6HOZCLX4E0V666PR');
INSERT INTO account VALUES ('GBP', 669601, 'ZI9LTO4QOWJK9KMU5IJGHLK1VFZLRC');
INSERT INTO account VALUES ('GBP', 494925, '9TQXC4MUHZF6KFD6I1UEPK1LVKOW23');
INSERT INTO account VALUES ('GBP', 65151, '4LUV1PQKQYAGJVFNDJONJP9YWGQUKH');
INSERT INTO account VALUES ('GBP', 867538, '18N7GSSUEQVXV9ON1P9T666J4EZ08S');
INSERT INTO account VALUES ('EUR', 298569, 'BT472R01AEJ22ZMWZGZTLK6OMTY0JG');
INSERT INTO account VALUES ('EUR', 900034, '8PRDH20KFB1IS3VX6K1SOHA0983JQX');
INSERT INTO account VALUES ('GBP', 752943, 'OK4C90QA3FLI46Z53M9NLH8A7G27CK');
INSERT INTO account VALUES ('GBP', 963586, '1N33U92VVP061KZAY0S9N517D2IA7P');
INSERT INTO account VALUES ('USD', 610882, 'ZOIWFYSRO7T5NNANY7XQD24R97P33I');
INSERT INTO account VALUES ('USD', 443151, 'MIYB426LVNN750MM6PUCFCLJCNJBKM');
INSERT INTO account VALUES ('USD', 418235, '7JNIUVK0X3PSALK0ZFOP1A3MNXBMRI');
INSERT INTO account VALUES ('EUR', 593623, 'CCABKDVTQ1WQFCHCA6USPMF1SL4UB3');
INSERT INTO account VALUES ('ARS', 87125, 'XRJNR7I42GYL2ZUIDZW0S6IJSLSJY0');
INSERT INTO account VALUES ('GBP', 582555, 'ORUUDMKYM96UI0S9SCG36G5WZR8XF3');
INSERT INTO account VALUES ('GBP', 671303, 'FL8KFWJ5E693T21UO4VYFBDXWL2SL5');
INSERT INTO account VALUES ('USD', 970478, 'RWZ2B03I63XNNUAR2YN23RTTA6I4Y9');
INSERT INTO account VALUES ('ARS', 876008, 'KTHE3DZOVENPQGGPM3TCTW537JDFMJ');
INSERT INTO account VALUES ('EUR', 79498, 'QHMMS31RM65IS1RCFVD3DZAMT0OB9K');
INSERT INTO account VALUES ('ARS', 350033, 'RBM16MJR2LOGUQRDSE48KFGYEO0TIM');
INSERT INTO account VALUES ('EUR', 406909, 'EEEITO5Z9PA21TWSDGAB6E4ILQQ7BE');
INSERT INTO account VALUES ('USD', 277909, 'O833ZSYOISS07NCRKGKKXPR521QCR8');
INSERT INTO account VALUES ('USD', 561853, 'TARDUB4I12ISAIV1LDL36D23UJNS8M');
INSERT INTO account VALUES ('USD', 738085, 'ZKCVA5WJVP2SOF5WPSWZ9SHCFFD1SC');
INSERT INTO account VALUES ('GBP', 876754, 'X15ET5VRMWLMSUYH5ZA6T1JMM58GLC');
INSERT INTO account VALUES ('EUR', 881677, 'F0JDA889NDCWN67EQC2H75C71VB37Q');
INSERT INTO account VALUES ('USD', 495959, 'CQJG8TLJMPYY6GP3T09FON0AXOM2HB');
INSERT INTO account VALUES ('ARS', 588225, '206DE4D2RKTGC7SE2XYAIWRWSVH49O');
INSERT INTO account VALUES ('USD', 70358, 'XZDOPEKQ8TNY8VXN9NW19R98YLQZER');
INSERT INTO account VALUES ('GBP', 484696, '6J2CFKSDS1NKJ0WO0Z32840U7JVRFW');
INSERT INTO account VALUES ('USD', 578679, 'NP8HJZ3GG1WDE9U7720IHQG472L9IJ');
INSERT INTO account VALUES ('ARS', 211278, 'C26578YVQOW34JPLK8XAQ81UY5VVZC');
INSERT INTO account VALUES ('EUR', 957614, 'K1G56BXRAWA6OOY3SZ1RVCR2R0ROB2');
INSERT INTO account VALUES ('EUR', 870599, '1K5D3Z1SLWQTA84C92RCTNR9DMM0SH');
INSERT INTO account VALUES ('EUR', 952083, 'LXSIMNWYKSGMS01KZUPLVUKW2TFPWU');
INSERT INTO account VALUES ('ARS', 918948, 'ILKCOV7FK5C2WUFBSNPBXUTGGN3LT4');
INSERT INTO account VALUES ('USD', 999504, '14N0FW9PYC5ZSXHSJ3K4XBHEHG81BK');
INSERT INTO account VALUES ('USD', 831053, '9JA26FT9ZM3NHGYOLJK9SIO5D0YE2D');
INSERT INTO account VALUES ('ARS', 21235, 'QND76KR5C0ICWQBFOI0R06CI413JJG');
INSERT INTO account VALUES ('EUR', 426936, 'AZ4AHMR0F1L7UPNUJTI3XT7E4L1A90');
INSERT INTO account VALUES ('GBP', 801123, 'HGV9PKP8DZTBXUI03VZLENFVU2NNV7');
INSERT INTO account VALUES ('ARS', 757482, '9TNQGUBH03NJBX45ER1ZQIX32866JP');
INSERT INTO account VALUES ('USD', 850468, 'MKQ9Z6DS8C5GOK8R0RXSK76PKQCYO8');
INSERT INTO account VALUES ('EUR', 130650, 'Z47MGTF0TPQB9IDGFDSQ7Q97Q1W7W5');
INSERT INTO account VALUES ('GBP', 99460, '6DGKYIQQPBKGB09FBXHI32VAW8CNQA');
INSERT INTO account VALUES ('EUR', 915073, '6HEBYQSEB34TV4415PXFUNAIT19H33');
INSERT INTO account VALUES ('USD', 511527, '3HIAT62XMN7YUHB00ENPVPQERA4A1U');
INSERT INTO account VALUES ('ARS', 562564, 'PFCOAVPJ4VZAVITIRHAN6U79RQE0WD');
INSERT INTO account VALUES ('USD', 68548, '4JJNK02ODJEWCPY47CF42I31FYPQH3');
INSERT INTO account VALUES ('ARS', 987515, '3VM3YS3N68IH0N5891YIIUAFWMBBPE');
INSERT INTO account VALUES ('ARS', 54354, 'HMROMRZAAN7F5V79L69FGN2T5PS2M7');
INSERT INTO account VALUES ('EUR', 785568, 'RHTB2XOLWCIIGR8SI0HCL4JEU0XKHW');
INSERT INTO account VALUES ('GBP', 287719, 'WZ7Y0EFESD6B6MNBFRZX1M9G756VHU');
INSERT INTO account VALUES ('EUR', 669053, '4GW2YXJ3614EJBCCL8QBZEWX77Q6PP');
INSERT INTO account VALUES ('ARS', 441303, 'Q4ADGMTLML6FPBG88CYEJEX2AJR1OU');
INSERT INTO account VALUES ('ARS', 552515, 'V9XBOJQ7T6JBQXO7MPD1VNTCJE3UPT');
INSERT INTO account VALUES ('USD', 253889, 'RQ273VQRGCO0V4NK5OF1XE59VQ9RKR');
INSERT INTO account VALUES ('ARS', 309303, 'J2YFS7OHKJXTRFY1CTNPKGMO80ZU0P');
INSERT INTO account VALUES ('GBP', 47707, 'R6HIER0LO3U2Y1U3RGJWWR6HXTSEWD');
INSERT INTO account VALUES ('USD', 895296, '8LIW6S01F5K7HDJOVPCRW6HXUNFSAU');
INSERT INTO account VALUES ('ARS', 707911, 'GG1YHNDY7GZDS49O0J5FD989MON1YW');
INSERT INTO account VALUES ('ARS', 982792, 'FPPOFKQ21B073DXV0YIHS0ONS2C9X2');
INSERT INTO account VALUES ('USD', 296417, 'ZIDODPYPLEGFD64I29J8ZXRBV0UPR5');
INSERT INTO account VALUES ('EUR', 310934, 'MHYOG5RL8W45IBW5S6BSZII4GMBV0V');
INSERT INTO account VALUES ('USD', 134947, 'JKMNNMQE7JOSEDY7I9B3TF6I5IIY71');
INSERT INTO account VALUES ('ARS', 293622, 'RHZGQUWAE3OFVQ1QQH6SI8344WEKLI');
INSERT INTO account VALUES ('EUR', 49467, '96EA7X56COQOW7JYI6MJVRAGTCC4ZU');
INSERT INTO account VALUES ('ARS', 581579, 'YCU2GH1QPHKBHW7HRUAA5J6LAMSDZB');
INSERT INTO account VALUES ('USD', 716080, 'N2AQ6YS5OTX2FOB3M9Y1QA9XCBTI0L');
INSERT INTO account VALUES ('ARS', 252627, 'CCBZNUD59WJUD50LRF3KM52QK6LO4I');
INSERT INTO account VALUES ('GBP', 334230, 'FXJBVMVKCVZFJ16MYLTARZ6MDSO92J');
INSERT INTO account VALUES ('EUR', 448145, 'ZNKWVFAIAC146XHOK435QJYDI4X2PL');
INSERT INTO account VALUES ('GBP', 581472, '3KXBESOJHMWZ512OUJWA4A0UGN71AT');
INSERT INTO account VALUES ('USD', 578872, 'DQXE74UH8WC8B9JIT61TCNAX51S8QJ');
INSERT INTO account VALUES ('USD', 443858, 'HOFPZ6WE26I7080L2VYT1AKDR4S9L4');
INSERT INTO account VALUES ('EUR', 312976, '31RJDQNF55XHQVIVW031COFZ1NA90J');
INSERT INTO account VALUES ('USD', 945212, '30U0L1KNG0VY085ORC97IWM70LV0WZ');
INSERT INTO account VALUES ('EUR', 62151, 'QH1L0L5EJUPNOSOV1N77I9J9QUHH2X');
INSERT INTO pool VALUES (1, 'ARS', 8103490, 'EUR', 3929530);
INSERT INTO pool VALUES (2, 'ARS', 6563507, 'GBP', 7088384);
INSERT INTO pool VALUES (3, 'GBP', 8588634, 'USD', 3400004);
INSERT INTO pool VALUES (4, 'EUR', 1659184, 'USD', 132037);
INSERT INTO pool VALUES (5, 'EUR', 9031311, 'GBP', 2429326);
INSERT INTO pool VALUES (6, 'ARS', 1545912, 'USD', 1191699);
INSERT INTO liquidity_token VALUES (1, 5642951);
INSERT INTO liquidity_token VALUES (2, 6820898);
INSERT INTO liquidity_token VALUES (3, 5403831);
INSERT INTO liquidity_token VALUES (4, 468053);
INSERT INTO liquidity_token VALUES (5, 4684015);
INSERT INTO liquidity_token VALUES (6, 1357299);
INSERT INTO liquidity_token_ownership VALUES (1, 'AZ4AHMR0F1L7UPNUJTI3XT7E4L1A90', 5339606);
INSERT INTO liquidity_token_ownership VALUES (1, '9TNQGUBH03NJBX45ER1ZQIX32866JP', 4102895);
INSERT INTO liquidity_token_ownership VALUES (1, 'YCU2GH1QPHKBHW7HRUAA5J6LAMSDZB', 1084395);
INSERT INTO liquidity_token_ownership VALUES (2, '4LUV1PQKQYAGJVFNDJONJP9YWGQUKH', 2521448);
INSERT INTO liquidity_token_ownership VALUES (2, 'MKQ9Z6DS8C5GOK8R0RXSK76PKQCYO8', 5271402);
INSERT INTO liquidity_token_ownership VALUES (3, '7JNIUVK0X3PSALK0ZFOP1A3MNXBMRI', 27846);
INSERT INTO liquidity_token_ownership VALUES (3, '1K5D3Z1SLWQTA84C92RCTNR9DMM0SH', 868336);
INSERT INTO liquidity_token_ownership VALUES (3, '3HIAT62XMN7YUHB00ENPVPQERA4A1U', 1434567);
INSERT INTO liquidity_token_ownership VALUES (3, 'WZ7Y0EFESD6B6MNBFRZX1M9G756VHU', 2238427);
INSERT INTO liquidity_token_ownership VALUES (3, 'J2YFS7OHKJXTRFY1CTNPKGMO80ZU0P', 1017224);
INSERT INTO liquidity_token_ownership VALUES (4, '7JNIUVK0X3PSALK0ZFOP1A3MNXBMRI', 413539);
INSERT INTO liquidity_token_ownership VALUES (4, 'CCABKDVTQ1WQFCHCA6USPMF1SL4UB3', 278984);
INSERT INTO liquidity_token_ownership VALUES (4, 'PFCOAVPJ4VZAVITIRHAN6U79RQE0WD', 228513);
INSERT INTO liquidity_token_ownership VALUES (5, 'RBM16MJR2LOGUQRDSE48KFGYEO0TIM', 3682919);
INSERT INTO liquidity_token_ownership VALUES (5, 'HGV9PKP8DZTBXUI03VZLENFVU2NNV7', 3639938);
INSERT INTO liquidity_token_ownership VALUES (6, '0M95348KHZ78CYN3HX9IQY9RXDU31E', 1078529);
INSERT INTO liquidity_token_ownership VALUES (6, 'E90XUXYRG201RF501J6D8F71QUW06S', 300120);
INSERT INTO liquidity_token_ownership VALUES (6, '6DGKYIQQPBKGB09FBXHI32VAW8CNQA', 211062);
INSERT INTO liquidity_token_ownership VALUES (6, 'WZ7Y0EFESD6B6MNBFRZX1M9G756VHU', 930704);
INSERT INTO liquidity_token_ownership VALUES (6, 'N2AQ6YS5OTX2FOB3M9Y1QA9XCBTI0L', 275906);
