INSERT INTO user_id VALUES ('4R970OHGHD1UG7V5IWYV8M7W84AF88');
INSERT INTO user_id VALUES ('CK2NM570R2CBCN05E5HQJE3M3DGGNC');
INSERT INTO user_id VALUES ('9KBQTS0K8UPVO0GYY47NVW59EPZTAX');
INSERT INTO user_id VALUES ('TJJ6PBOSQYQG6WQ425QAXTUD6JETEJ');
INSERT INTO user_id VALUES ('Z3UAVK7OL9Q64N8787HNNVE8KDVN1B');
INSERT INTO user_id VALUES ('9ZI7OU3QMQOAU8CEQ2FVIO33G2X1PS');
INSERT INTO user_id VALUES ('SRCZPEODXXZ9IZ7VHK09T8RYTOO58W');
INSERT INTO user_id VALUES ('4ROQ83IYXFQSEG1B2SOOXDZIWJUBND');
INSERT INTO user_id VALUES ('CS16CRJJMXUJ3PIRG05KSSVHSWJPDW');
INSERT INTO user_id VALUES ('VAVWYCTHMH0S0J97F4DH4KRVKW4RF4');
INSERT INTO user_id VALUES ('VCIN6T3POHWA2T2RUULWMAA8YVAETT');
INSERT INTO user_id VALUES ('EOEK6ERIILFFIA5GOYUIU9NW8FO71E');
INSERT INTO user_id VALUES ('9W94MWLZDSTV651A789TJAXWTX5LYF');
INSERT INTO user_id VALUES ('5V6C930GH69ZHNDXLJUYM5L2YQ5HDW');
INSERT INTO user_id VALUES ('QPHR1Q0JVGAIU11H3WEBVQI4UU3L1P');
INSERT INTO user_id VALUES ('4NCFE5BSHZ31SOF5KHBCKXU1RPU3HS');
INSERT INTO user_id VALUES ('Q545LT87K7D1CH72L1C1EEWN4NHBVY');
INSERT INTO user_id VALUES ('QLK50XR0QL3Q9B8YWZD45BB8R0QG6J');
INSERT INTO user_id VALUES ('OXCSVBDFIM8UVRD1ZLR69USJLPM8F0');
INSERT INTO user_id VALUES ('YXEMWNX6YVX15UE0N6GSXEU8LBRREV');
INSERT INTO user_id VALUES ('9BKDQWVOGH2IGA7MNCA1XQW7ZOBP8W');
INSERT INTO user_id VALUES ('92NSA036HECU7GOD5IAA7BLDTOZAUA');
INSERT INTO user_id VALUES ('J1GQOAC200MZKE5UJ95UBVQSJ287H0');
INSERT INTO user_id VALUES ('151HUNYVO0K4USX6HD4IHZ2PLG4O40');
INSERT INTO user_id VALUES ('K6MXPMR0P1IR4KRRYT68FRNPWP7BBM');
INSERT INTO user_id VALUES ('E4IUPSA7RECCN7O1LE6A21RXFOM4AD');
INSERT INTO user_id VALUES ('G456NM4JXLN1KRTBKST4ZYRPKSQZ1E');
INSERT INTO user_id VALUES ('G6BBT7CRBI70D3J0PNYH8BVT3CZA06');
INSERT INTO user_id VALUES ('LUFZONSVVHDX87T1U74X2JG0ZVGSK8');
INSERT INTO user_id VALUES ('CFCBEOQFLMNUIP3TRI9CP3OFG1QY3S');
INSERT INTO user_id VALUES ('H3751Y0KA5X576EXLJZBQ39L2D7VZW');
INSERT INTO user_id VALUES ('OU4O3BC4XOZMGBQRVHDMB6PTV1888H');
INSERT INTO user_id VALUES ('7QH2WF75TM5OREG5WUXBXA5RNSN4V4');
INSERT INTO user_id VALUES ('A7HL3Q7FILPRAUDVU95306VMK5V0GY');
INSERT INTO user_id VALUES ('CQ48R80E3ATK4GRU2OT2GV8TJM1UOA');
INSERT INTO user_id VALUES ('QD3AA6ZNY9CXBRJQ0SKHRPW9UIR6QL');
INSERT INTO user_id VALUES ('2Z1O4BU4V5DN08PZI9XWV3KG7QD96D');
INSERT INTO user_id VALUES ('9XXHXFCEXC9H71HB31KNCTYDX7QD9F');
INSERT INTO user_id VALUES ('2JGLZXL4S89CJAGK00LHUAYNATZLK3');
INSERT INTO user_id VALUES ('0Y7EZ88M88HKUAP1QCOK5KUUD2T1MK');
INSERT INTO user_id VALUES ('4AUF5E3H1PDJMLDPRGMZN9LQZDARW9');
INSERT INTO user_id VALUES ('QK012U730KKD02J5CJJOGQ3L2AG0DW');
INSERT INTO user_id VALUES ('1PZ0RYEVPTO97O8K1G7W42CJPHASB0');
INSERT INTO user_id VALUES ('U8XDEE6082UZQS47NK90XX5UMELMIC');
INSERT INTO user_id VALUES ('ZCLS3UI3VQ4WUL75UWPAML8M4KF36G');
INSERT INTO user_id VALUES ('TQCRAECIQ9AB1D8R659P57YRPOJEPF');
INSERT INTO user_id VALUES ('DPW8DTNBDPE8O4GEY2QAZRMC0HKBTN');
INSERT INTO user_id VALUES ('TNJQHTEGEQANQV9NIVZ5XS56ZKAQHF');
INSERT INTO user_id VALUES ('UZI23E2BHDMOA15EW4UZQIV69LW471');
INSERT INTO user_id VALUES ('QHXWJ2VXBBU7UCQ32R8HMX8D28GDFX');
INSERT INTO user_id VALUES ('QX5SZ6D4DX05W20LIB90CQ2AG0USUH');
INSERT INTO user_id VALUES ('557KV2W285UYEXHZLJXM6PQM4DGDYT');
INSERT INTO user_id VALUES ('1N9IKS7BN78TJF2U4M58371TWYE13Y');
INSERT INTO user_id VALUES ('CSE2YMDOZKP6B2GE588NG3ZDD17C22');
INSERT INTO user_id VALUES ('JE8U1NTPOV3P0DGNSKQFQJNUQUV3BI');
INSERT INTO user_id VALUES ('GMEWQW1PXKXKA6F4R9H1HWCE9SC8FA');
INSERT INTO user_id VALUES ('E4D7CRXKPBB4NS3IVI88WXKN5ABGZL');
INSERT INTO user_id VALUES ('PQXEFVNUD65US96MLHA05VP3DA1V3T');
INSERT INTO user_id VALUES ('41S6YD5QLXGJR8YS2DDQCE6GBHA2DK');
INSERT INTO user_id VALUES ('DXJ9SNJS5ADZ8LKTEASHKPBP74V0QB');
INSERT INTO user_id VALUES ('XM1QPNBS0C2GSGHHIMJDZMAOCQ5WFF');
INSERT INTO user_id VALUES ('R737M9M4IEG2I015JZO8DERG0M8IL8');
INSERT INTO user_id VALUES ('OP5Z6EN2FSPCI5USZV31ISNDF4LARU');
INSERT INTO user_id VALUES ('MP0E2P23WEPCPU31WDELLH1TVXG6PY');
INSERT INTO user_id VALUES ('CHZQW979Q20O6DW2BF55SJBUGU997E');
INSERT INTO user_id VALUES ('M7AB4Z9IRQQC8ENPDYO07LKAUFS43U');
INSERT INTO user_id VALUES ('BJ282ZY6Q5AV42G39P4M53VDKY35HK');
INSERT INTO user_id VALUES ('Z45TE2V78X3NJDNS3OU56698NEHWLT');
INSERT INTO user_id VALUES ('85K0O9N1DRQA8GLGTN5R1B0E9N4CT7');
INSERT INTO user_id VALUES ('NWS6W60VCQPEY12TSNEYG702V9GQDC');
INSERT INTO user_id VALUES ('4QHFZJ9C3GTYSXDC62ICJ7CETCBIUH');
INSERT INTO user_id VALUES ('0WCW14HH4KVEEXN5EKANYRH3QE6DO0');
INSERT INTO user_id VALUES ('FQT6NGZ2HX6KP4EIPPZFBW7C2FM5YX');
INSERT INTO user_id VALUES ('YXVENW0OEKGU7HP2BJXPBWAHBVUWWK');
INSERT INTO user_id VALUES ('O0MFW0LB88ANK0P1T14DKCPG1LHTRR');
INSERT INTO user_id VALUES ('PV8SQGN5CYHV5IF1ABL51K235UXSWD');
INSERT INTO user_id VALUES ('B0XQCK04MZSBDYE5EPO5SCTVEA0JNM');
INSERT INTO user_id VALUES ('BCUVXTYAYQA2FLB0OU3XG7RLPR36WT');
INSERT INTO user_id VALUES ('1LLRQDU5BOIHZS7OBHVRZ521ISU3VN');
INSERT INTO user_id VALUES ('ZUIRTY710CQYM07ZLWVKC0HVB0IYKR');
INSERT INTO user_id VALUES ('P25VXIGA3Q4U4T1PKSRKKU9NUOL503');
INSERT INTO user_id VALUES ('VELZJ1GTAX8P98UZI7MQJZZOL73SBU');
INSERT INTO user_id VALUES ('I5K5FLNAWS7Q1KHBP3N9YMDQG9VM55');
INSERT INTO user_id VALUES ('WMR98HFOD3ZTVPWX8JOVC3HA02B3BD');
INSERT INTO user_id VALUES ('TJ7A99567NW27NQYI0ADGYLDKFSW9J');
INSERT INTO user_id VALUES ('5DHARB8KC3KW965AZT9RWTBVGCUTXH');
INSERT INTO user_id VALUES ('RBL9D32EMNC670BGWKX38SQ7R0WD91');
INSERT INTO user_id VALUES ('HNK1ZGAFJMI09SO163NGN2H9IXL1GI');
INSERT INTO user_id VALUES ('JNEDPDIUS370N5RRP69GTA4J2MXQ2S');
INSERT INTO user_id VALUES ('6V1SAC88710YK4I6IXWSOKA3779B14');
INSERT INTO user_id VALUES ('ZPZHW0Q5WS6BM55L5PL1YPHNPAW7PE');
INSERT INTO user_id VALUES ('OAM9XRELM4N9QBJTFTTR1DR0K6FDGZ');
INSERT INTO user_id VALUES ('46HJO9HBYTDQTDSMVTRS5PRP0JZ04N');
INSERT INTO user_id VALUES ('K050KGNRORVI2UCA5OJQUJJS194ZLM');
INSERT INTO user_id VALUES ('BMIPQ70WO3AXFVB3MQ0D0IKSEBETXI');
INSERT INTO user_id VALUES ('BYLOME9EQ26AD3R8VWGGRW2L5655IV');
INSERT INTO user_id VALUES ('6YLX7TGH2D3DR45JWH0G919DQ1LCI4');
INSERT INTO user_id VALUES ('VRCK9N4OHM8WO31AZFMH5TPNQVD48T');
INSERT INTO user_id VALUES ('70FNJWQK5VVY2L49QR8LZMLLNPP920');
INSERT INTO user_id VALUES ('K48ZVAW4W8WK7XMUJR8WOUTPTLUO02');
INSERT INTO account VALUES ('EUR', 186753, '4R970OHGHD1UG7V5IWYV8M7W84AF88');
INSERT INTO account VALUES ('ARS', 322655, 'CK2NM570R2CBCN05E5HQJE3M3DGGNC');
INSERT INTO account VALUES ('USD', 158290, '9KBQTS0K8UPVO0GYY47NVW59EPZTAX');
INSERT INTO account VALUES ('EUR', 868715, 'TJJ6PBOSQYQG6WQ425QAXTUD6JETEJ');
INSERT INTO account VALUES ('USD', 13167, 'Z3UAVK7OL9Q64N8787HNNVE8KDVN1B');
INSERT INTO account VALUES ('ARS', 655911, '9ZI7OU3QMQOAU8CEQ2FVIO33G2X1PS');
INSERT INTO account VALUES ('EUR', 428305, 'SRCZPEODXXZ9IZ7VHK09T8RYTOO58W');
INSERT INTO account VALUES ('GBP', 281977, '4ROQ83IYXFQSEG1B2SOOXDZIWJUBND');
INSERT INTO account VALUES ('GBP', 304298, 'CS16CRJJMXUJ3PIRG05KSSVHSWJPDW');
INSERT INTO account VALUES ('ARS', 597697, 'VAVWYCTHMH0S0J97F4DH4KRVKW4RF4');
INSERT INTO account VALUES ('USD', 186433, 'VCIN6T3POHWA2T2RUULWMAA8YVAETT');
INSERT INTO account VALUES ('GBP', 207680, 'EOEK6ERIILFFIA5GOYUIU9NW8FO71E');
INSERT INTO account VALUES ('EUR', 586071, '9W94MWLZDSTV651A789TJAXWTX5LYF');
INSERT INTO account VALUES ('ARS', 702535, '5V6C930GH69ZHNDXLJUYM5L2YQ5HDW');
INSERT INTO account VALUES ('USD', 359972, 'QPHR1Q0JVGAIU11H3WEBVQI4UU3L1P');
INSERT INTO account VALUES ('GBP', 149159, '4NCFE5BSHZ31SOF5KHBCKXU1RPU3HS');
INSERT INTO account VALUES ('USD', 835999, 'Q545LT87K7D1CH72L1C1EEWN4NHBVY');
INSERT INTO account VALUES ('USD', 113425, 'QLK50XR0QL3Q9B8YWZD45BB8R0QG6J');
INSERT INTO account VALUES ('EUR', 686640, 'OXCSVBDFIM8UVRD1ZLR69USJLPM8F0');
INSERT INTO account VALUES ('EUR', 861863, 'YXEMWNX6YVX15UE0N6GSXEU8LBRREV');
INSERT INTO account VALUES ('GBP', 80595, '9BKDQWVOGH2IGA7MNCA1XQW7ZOBP8W');
INSERT INTO account VALUES ('USD', 452830, '92NSA036HECU7GOD5IAA7BLDTOZAUA');
INSERT INTO account VALUES ('EUR', 871765, 'J1GQOAC200MZKE5UJ95UBVQSJ287H0');
INSERT INTO account VALUES ('USD', 710478, '151HUNYVO0K4USX6HD4IHZ2PLG4O40');
INSERT INTO account VALUES ('EUR', 43791, 'K6MXPMR0P1IR4KRRYT68FRNPWP7BBM');
INSERT INTO account VALUES ('USD', 238604, 'E4IUPSA7RECCN7O1LE6A21RXFOM4AD');
INSERT INTO account VALUES ('ARS', 65036, 'G456NM4JXLN1KRTBKST4ZYRPKSQZ1E');
INSERT INTO account VALUES ('ARS', 434635, 'G6BBT7CRBI70D3J0PNYH8BVT3CZA06');
INSERT INTO account VALUES ('ARS', 205647, 'LUFZONSVVHDX87T1U74X2JG0ZVGSK8');
INSERT INTO account VALUES ('USD', 177003, 'CFCBEOQFLMNUIP3TRI9CP3OFG1QY3S');
INSERT INTO account VALUES ('ARS', 607325, 'H3751Y0KA5X576EXLJZBQ39L2D7VZW');
INSERT INTO account VALUES ('ARS', 613378, 'OU4O3BC4XOZMGBQRVHDMB6PTV1888H');
INSERT INTO account VALUES ('ARS', 920455, '7QH2WF75TM5OREG5WUXBXA5RNSN4V4');
INSERT INTO account VALUES ('USD', 927860, 'A7HL3Q7FILPRAUDVU95306VMK5V0GY');
INSERT INTO account VALUES ('ARS', 966138, 'CQ48R80E3ATK4GRU2OT2GV8TJM1UOA');
INSERT INTO account VALUES ('EUR', 827677, 'QD3AA6ZNY9CXBRJQ0SKHRPW9UIR6QL');
INSERT INTO account VALUES ('USD', 654970, '2Z1O4BU4V5DN08PZI9XWV3KG7QD96D');
INSERT INTO account VALUES ('ARS', 520858, '9XXHXFCEXC9H71HB31KNCTYDX7QD9F');
INSERT INTO account VALUES ('USD', 365103, '2JGLZXL4S89CJAGK00LHUAYNATZLK3');
INSERT INTO account VALUES ('EUR', 289688, '0Y7EZ88M88HKUAP1QCOK5KUUD2T1MK');
INSERT INTO account VALUES ('EUR', 783346, '4AUF5E3H1PDJMLDPRGMZN9LQZDARW9');
INSERT INTO account VALUES ('USD', 918782, 'QK012U730KKD02J5CJJOGQ3L2AG0DW');
INSERT INTO account VALUES ('GBP', 656599, '1PZ0RYEVPTO97O8K1G7W42CJPHASB0');
INSERT INTO account VALUES ('GBP', 416150, 'U8XDEE6082UZQS47NK90XX5UMELMIC');
INSERT INTO account VALUES ('EUR', 52670, 'ZCLS3UI3VQ4WUL75UWPAML8M4KF36G');
INSERT INTO account VALUES ('EUR', 266692, 'TQCRAECIQ9AB1D8R659P57YRPOJEPF');
INSERT INTO account VALUES ('EUR', 483096, 'DPW8DTNBDPE8O4GEY2QAZRMC0HKBTN');
INSERT INTO account VALUES ('EUR', 229968, 'TNJQHTEGEQANQV9NIVZ5XS56ZKAQHF');
INSERT INTO account VALUES ('EUR', 182575, 'UZI23E2BHDMOA15EW4UZQIV69LW471');
INSERT INTO account VALUES ('ARS', 319987, 'QHXWJ2VXBBU7UCQ32R8HMX8D28GDFX');
INSERT INTO account VALUES ('USD', 50754, 'QX5SZ6D4DX05W20LIB90CQ2AG0USUH');
INSERT INTO account VALUES ('GBP', 989635, '557KV2W285UYEXHZLJXM6PQM4DGDYT');
INSERT INTO account VALUES ('USD', 40383, '1N9IKS7BN78TJF2U4M58371TWYE13Y');
INSERT INTO account VALUES ('GBP', 178462, 'CSE2YMDOZKP6B2GE588NG3ZDD17C22');
INSERT INTO account VALUES ('ARS', 232867, 'JE8U1NTPOV3P0DGNSKQFQJNUQUV3BI');
INSERT INTO account VALUES ('GBP', 92363, 'GMEWQW1PXKXKA6F4R9H1HWCE9SC8FA');
INSERT INTO account VALUES ('USD', 48658, 'E4D7CRXKPBB4NS3IVI88WXKN5ABGZL');
INSERT INTO account VALUES ('GBP', 659364, 'PQXEFVNUD65US96MLHA05VP3DA1V3T');
INSERT INTO account VALUES ('GBP', 641884, '41S6YD5QLXGJR8YS2DDQCE6GBHA2DK');
INSERT INTO account VALUES ('GBP', 597245, 'DXJ9SNJS5ADZ8LKTEASHKPBP74V0QB');
INSERT INTO account VALUES ('ARS', 206908, 'XM1QPNBS0C2GSGHHIMJDZMAOCQ5WFF');
INSERT INTO account VALUES ('GBP', 602142, 'R737M9M4IEG2I015JZO8DERG0M8IL8');
INSERT INTO account VALUES ('ARS', 620622, 'OP5Z6EN2FSPCI5USZV31ISNDF4LARU');
INSERT INTO account VALUES ('EUR', 761398, 'MP0E2P23WEPCPU31WDELLH1TVXG6PY');
INSERT INTO account VALUES ('USD', 789058, 'CHZQW979Q20O6DW2BF55SJBUGU997E');
INSERT INTO account VALUES ('ARS', 823095, 'M7AB4Z9IRQQC8ENPDYO07LKAUFS43U');
INSERT INTO account VALUES ('EUR', 686088, 'BJ282ZY6Q5AV42G39P4M53VDKY35HK');
INSERT INTO account VALUES ('GBP', 854105, 'Z45TE2V78X3NJDNS3OU56698NEHWLT');
INSERT INTO account VALUES ('ARS', 871237, '85K0O9N1DRQA8GLGTN5R1B0E9N4CT7');
INSERT INTO account VALUES ('USD', 935260, 'NWS6W60VCQPEY12TSNEYG702V9GQDC');
INSERT INTO account VALUES ('EUR', 270782, '4QHFZJ9C3GTYSXDC62ICJ7CETCBIUH');
INSERT INTO account VALUES ('GBP', 742519, '0WCW14HH4KVEEXN5EKANYRH3QE6DO0');
INSERT INTO account VALUES ('EUR', 124586, 'FQT6NGZ2HX6KP4EIPPZFBW7C2FM5YX');
INSERT INTO account VALUES ('USD', 467519, 'YXVENW0OEKGU7HP2BJXPBWAHBVUWWK');
INSERT INTO account VALUES ('GBP', 179728, 'O0MFW0LB88ANK0P1T14DKCPG1LHTRR');
INSERT INTO account VALUES ('EUR', 442844, 'PV8SQGN5CYHV5IF1ABL51K235UXSWD');
INSERT INTO account VALUES ('EUR', 508272, 'B0XQCK04MZSBDYE5EPO5SCTVEA0JNM');
INSERT INTO account VALUES ('EUR', 266882, 'BCUVXTYAYQA2FLB0OU3XG7RLPR36WT');
INSERT INTO account VALUES ('USD', 477345, '1LLRQDU5BOIHZS7OBHVRZ521ISU3VN');
INSERT INTO account VALUES ('USD', 309587, 'ZUIRTY710CQYM07ZLWVKC0HVB0IYKR');
INSERT INTO account VALUES ('ARS', 471572, 'P25VXIGA3Q4U4T1PKSRKKU9NUOL503');
INSERT INTO account VALUES ('USD', 923024, 'VELZJ1GTAX8P98UZI7MQJZZOL73SBU');
INSERT INTO account VALUES ('ARS', 403113, 'I5K5FLNAWS7Q1KHBP3N9YMDQG9VM55');
INSERT INTO account VALUES ('USD', 981507, 'WMR98HFOD3ZTVPWX8JOVC3HA02B3BD');
INSERT INTO account VALUES ('EUR', 820194, 'TJ7A99567NW27NQYI0ADGYLDKFSW9J');
INSERT INTO account VALUES ('USD', 154690, '5DHARB8KC3KW965AZT9RWTBVGCUTXH');
INSERT INTO account VALUES ('USD', 20463, 'RBL9D32EMNC670BGWKX38SQ7R0WD91');
INSERT INTO account VALUES ('USD', 363760, 'HNK1ZGAFJMI09SO163NGN2H9IXL1GI');
INSERT INTO account VALUES ('ARS', 336011, 'JNEDPDIUS370N5RRP69GTA4J2MXQ2S');
INSERT INTO account VALUES ('ARS', 90151, '6V1SAC88710YK4I6IXWSOKA3779B14');
INSERT INTO account VALUES ('ARS', 737312, 'ZPZHW0Q5WS6BM55L5PL1YPHNPAW7PE');
INSERT INTO account VALUES ('ARS', 271320, 'OAM9XRELM4N9QBJTFTTR1DR0K6FDGZ');
INSERT INTO account VALUES ('EUR', 177746, '46HJO9HBYTDQTDSMVTRS5PRP0JZ04N');
INSERT INTO account VALUES ('GBP', 997982, 'K050KGNRORVI2UCA5OJQUJJS194ZLM');
INSERT INTO account VALUES ('GBP', 728296, 'BMIPQ70WO3AXFVB3MQ0D0IKSEBETXI');
INSERT INTO account VALUES ('GBP', 169037, 'BYLOME9EQ26AD3R8VWGGRW2L5655IV');
INSERT INTO account VALUES ('ARS', 381747, '6YLX7TGH2D3DR45JWH0G919DQ1LCI4');
INSERT INTO account VALUES ('GBP', 139516, 'VRCK9N4OHM8WO31AZFMH5TPNQVD48T');
INSERT INTO account VALUES ('ARS', 377906, '70FNJWQK5VVY2L49QR8LZMLLNPP920');
INSERT INTO account VALUES ('GBP', 873412, 'K48ZVAW4W8WK7XMUJR8WOUTPTLUO02');
INSERT INTO pool VALUES (1, 'GBP', 5595115, 'USD', 203261);
INSERT INTO pool VALUES (2, 'ARS', 7874709, 'USD', 1524805);
INSERT INTO pool VALUES (3, 'ARS', 6790583, 'GBP', 6645216);
INSERT INTO pool VALUES (4, 'EUR', 5235750, 'USD', 8527311);
INSERT INTO pool VALUES (5, 'EUR', 3314157, 'GBP', 2799088);
INSERT INTO pool VALUES (6, 'ARS', 2030860, 'EUR', 6526858);
INSERT INTO liquidity_token VALUES (1, 1066427);
INSERT INTO liquidity_token VALUES (2, 3465168);
INSERT INTO liquidity_token VALUES (3, 6717506);
INSERT INTO liquidity_token VALUES (4, 6681831);
INSERT INTO liquidity_token VALUES (5, 3045753);
INSERT INTO liquidity_token VALUES (6, 3640760);
INSERT INTO liquidity_token_ownership VALUES (1, '9KBQTS0K8UPVO0GYY47NVW59EPZTAX', 903817);
INSERT INTO liquidity_token_ownership VALUES (2, 'E4IUPSA7RECCN7O1LE6A21RXFOM4AD', 1594696);
INSERT INTO liquidity_token_ownership VALUES (2, '2Z1O4BU4V5DN08PZI9XWV3KG7QD96D', 3363780);
INSERT INTO liquidity_token_ownership VALUES (2, 'BYLOME9EQ26AD3R8VWGGRW2L5655IV', 358003);
INSERT INTO liquidity_token_ownership VALUES (3, '4R970OHGHD1UG7V5IWYV8M7W84AF88', 849429);
INSERT INTO liquidity_token_ownership VALUES (3, 'QLK50XR0QL3Q9B8YWZD45BB8R0QG6J', 3268331);
INSERT INTO liquidity_token_ownership VALUES (3, 'H3751Y0KA5X576EXLJZBQ39L2D7VZW', 4501405);
INSERT INTO liquidity_token_ownership VALUES (3, 'TQCRAECIQ9AB1D8R659P57YRPOJEPF', 2814975);
INSERT INTO liquidity_token_ownership VALUES (3, 'UZI23E2BHDMOA15EW4UZQIV69LW471', 1623045);
INSERT INTO liquidity_token_ownership VALUES (3, 'HNK1ZGAFJMI09SO163NGN2H9IXL1GI', 4745165);
INSERT INTO liquidity_token_ownership VALUES (4, '7QH2WF75TM5OREG5WUXBXA5RNSN4V4', 269163);
INSERT INTO liquidity_token_ownership VALUES (4, 'FQT6NGZ2HX6KP4EIPPZFBW7C2FM5YX', 3292401);
INSERT INTO liquidity_token_ownership VALUES (4, 'K050KGNRORVI2UCA5OJQUJJS194ZLM', 6504760);
INSERT INTO liquidity_token_ownership VALUES (4, '6YLX7TGH2D3DR45JWH0G919DQ1LCI4', 3750676);
INSERT INTO liquidity_token_ownership VALUES (5, 'XM1QPNBS0C2GSGHHIMJDZMAOCQ5WFF', 1377525);
INSERT INTO liquidity_token_ownership VALUES (6, 'CK2NM570R2CBCN05E5HQJE3M3DGGNC', 2501567);
INSERT INTO liquidity_token_ownership VALUES (6, '9BKDQWVOGH2IGA7MNCA1XQW7ZOBP8W', 2414772);
INSERT INTO liquidity_token_ownership VALUES (6, 'G456NM4JXLN1KRTBKST4ZYRPKSQZ1E', 866863);
INSERT INTO liquidity_token_ownership VALUES (6, 'U8XDEE6082UZQS47NK90XX5UMELMIC', 361092);
INSERT INTO liquidity_token_ownership VALUES (6, '1LLRQDU5BOIHZS7OBHVRZ521ISU3VN', 698321);
