INSERT INTO user_id VALUES ('PHHZ4DOSGR1DCKUMHEVIKBD7SK5EUQ');
INSERT INTO user_id VALUES ('XJH7R1XMYP61Z3M7A5DH5SIY0JZZ9R');
INSERT INTO user_id VALUES ('25PI3G6WUGG5TTDNLV6EPYGU1PVB29');
INSERT INTO user_id VALUES ('PXSMB84A4ONOWSBZ4RY5CFRLF7DLAX');
INSERT INTO user_id VALUES ('XQDTDRDNYIP70FBWJTARN5P4QIKBQC');
INSERT INTO user_id VALUES ('ZRWT2MMXG5G01LXBSZ7V9DSZ82A2ME');
INSERT INTO user_id VALUES ('H5KIFLT9OEFQB2H66V852OK1HR0WZD');
INSERT INTO user_id VALUES ('19P0J18IYHU68XWVYXVO2YUGU9RE2C');
INSERT INTO user_id VALUES ('EJFWUZCAZASUQ9J6TXES157YYE21U0');
INSERT INTO user_id VALUES ('31KRIICR9U7NUGHH2JXDJIF37F5X7C');
INSERT INTO user_id VALUES ('AL72HR2KW7DSNO47ZGLBDH747HVO7N');
INSERT INTO user_id VALUES ('T35T9R3BM93P8C0OXYSE5PWSTZFYWH');
INSERT INTO user_id VALUES ('E5ZPJURPS8K5B27SW7T80LM4O2YJU5');
INSERT INTO user_id VALUES ('XKF1TIEKHU52OYIQWUT18C0GMD6TYW');
INSERT INTO user_id VALUES ('6XC3OBZDZHUHV39LP6H0CEXTV2TTP2');
INSERT INTO user_id VALUES ('60FMWXAZ1I2YCLJZLJI3HFNV6NM8JW');
INSERT INTO user_id VALUES ('F4EA742WPZQNBLIGFT4BEX0HE5YRH9');
INSERT INTO user_id VALUES ('08H8WPRJ3XFBYILQKKLYJPW9Z1WWUQ');
INSERT INTO user_id VALUES ('FAMSFVCK9OCOXJ5HKKWU0OS11T2QJV');
INSERT INTO user_id VALUES ('ZN35QOHX6IKBU5Z13X1SJ8MXELEWGJ');
INSERT INTO user_id VALUES ('7JCMYUC67JJZTF1G896ZUU3P0PFBJS');
INSERT INTO user_id VALUES ('E2F1MOH2HJ8UVNOQZN06R89QKOF2DR');
INSERT INTO user_id VALUES ('SONHBYE2TVR2S8JSII479JV68KR397');
INSERT INTO user_id VALUES ('EVDLI1WUH0VOT2T4WBTKTE8HONTH7H');
INSERT INTO user_id VALUES ('SOMDXU7CNUQN22GEXTFWY81SFVLOM2');
INSERT INTO user_id VALUES ('A208KBYNHK186HR3ECMPANMGUX2Y56');
INSERT INTO user_id VALUES ('5X1WR4ZAHVWLPJF0FEVYOAIAE94P66');
INSERT INTO user_id VALUES ('FSI39NXN89S1X9L7O2CNPBQVSFX5YB');
INSERT INTO user_id VALUES ('PVS4G6Y55GKGAJB1TLZ23UCCUKES8O');
INSERT INTO user_id VALUES ('6JFCRCQ79RGX7KTAJJNQUDEWZ2RYSX');
INSERT INTO user_id VALUES ('YCACDYHWJWDRXYISNPWWXN9II3N8E9');
INSERT INTO user_id VALUES ('ARFS78MALTNFTZ34WJN15GG9IE741P');
INSERT INTO user_id VALUES ('B3ZZ8II3HASYF13X52X9DZ8HWTTMHL');
INSERT INTO user_id VALUES ('4QQ36QUDWMBL51SXBIXBPKV67R3EW8');
INSERT INTO user_id VALUES ('4RIGZD6IR8ROJSVWDQLJ02CVTBTU7J');
INSERT INTO user_id VALUES ('23VGV65F4WQHZNAZ8UBMA3QUMHNYDR');
INSERT INTO user_id VALUES ('QMEONW8IOUCPD5WCP7320IL72AMO0C');
INSERT INTO user_id VALUES ('OZPNCCTRP6MXSKNGYJN8KQ43H6MZ4V');
INSERT INTO user_id VALUES ('N5ZBOHFPIJ9AVAM9FWS09OG14DAVWN');
INSERT INTO user_id VALUES ('GM9WS4335SF9KG0V99LPFFC6X9G3GN');
INSERT INTO user_id VALUES ('4VFZTVHMDLUKXCGW70ZR76I6BJ6TIQ');
INSERT INTO user_id VALUES ('GPJC0EXVI9LY4LHBBHWYRA08R3JTU6');
INSERT INTO user_id VALUES ('VCM41XQLL3606XOBFMA1OH9WN0SGDR');
INSERT INTO user_id VALUES ('2AL6OPAHTMHHLUOYWEEM4TPMGVGBCM');
INSERT INTO user_id VALUES ('F4FH2IJ25FDD0GG83SWVNNQF8EM9EX');
INSERT INTO user_id VALUES ('VCER2HRE02PCV7V02PPZBIZDDP852Q');
INSERT INTO user_id VALUES ('3SG06YWFKYV7EQN6GBWI7KBUUACVV6');
INSERT INTO user_id VALUES ('N5FWL0NINGE9TZNFQ8AQ2TB7B5PZ5I');
INSERT INTO user_id VALUES ('8VY7KS58T0W2H7UDUK75SJK82SN33Q');
INSERT INTO user_id VALUES ('2WF8J1834DU3M7Y8CZTNGLREHL4P5R');
INSERT INTO user_id VALUES ('MRVA3OVU7HVWH10DAU59VJKP8EKH6N');
INSERT INTO user_id VALUES ('2QR1YO0YRDBC1BGLJJG56CM8721A5H');
INSERT INTO user_id VALUES ('TW52C11LF30NI9RDQPMGMOBXA70RA5');
INSERT INTO user_id VALUES ('K9AXC9NT3SM5321WRMGRFRPW5MKH7Y');
INSERT INTO user_id VALUES ('PNKT95WZM8UWL6WUPZG813WBJ7T6N2');
INSERT INTO user_id VALUES ('NTB6VC6T5IVBN9ZGI56QB6Z8JETGFQ');
INSERT INTO user_id VALUES ('ZLVW8KLAIHBXDLT0SDN96BQOUA10C3');
INSERT INTO user_id VALUES ('9YI674OIWI62KV2K8B2Q5TOZC6ZL0W');
INSERT INTO user_id VALUES ('OC9VR5HR2TOHDU9HIA49OH3AXNT95J');
INSERT INTO user_id VALUES ('JEGN8MRV1KFUVVPHV8GFO1BF3TL7YW');
INSERT INTO user_id VALUES ('KV6B7JYMHDTYTIIS45TPSTBI6LETCT');
INSERT INTO user_id VALUES ('APL8XD6MK11N47UEK1506BAUNT52WI');
INSERT INTO user_id VALUES ('8VZCF1J1VVV24O6IB1JGMO4OG7JN4X');
INSERT INTO user_id VALUES ('MLROGTDGHJT72GRTMD4E1YTXRD4UIB');
INSERT INTO user_id VALUES ('H8CGJ10MYR0CKQY1YLV3PUB0AMRJFL');
INSERT INTO user_id VALUES ('SGC7XSDR36TTTIN7064V6K1THZO1PS');
INSERT INTO user_id VALUES ('OVKWONEUBRQEVD57JEW42J6FJLHPRM');
INSERT INTO user_id VALUES ('JZHG3AMCV9BZCEL4LJ632IETQQGCHM');
INSERT INTO user_id VALUES ('0N7NKFQ62WXX7G2CQ2R3ODULW4F9Q0');
INSERT INTO user_id VALUES ('8L27FGRDX7H64VD4NF8DXJV3US3316');
INSERT INTO user_id VALUES ('HOJXYHJR9VFKYIF6ANNWE6FLI1EB7Y');
INSERT INTO user_id VALUES ('Z9PU7HYMQ6I2RJH3J8ENI5IBK9W50N');
INSERT INTO user_id VALUES ('K8ZT08Y9GS0YO3UAHQQPXZ8VSTY1YF');
INSERT INTO user_id VALUES ('SLAEGA356GRN6CASULWZ82WJAYF7ZJ');
INSERT INTO user_id VALUES ('ZREO6FQ7S5JNL7B6CXF78VOXPJPNDQ');
INSERT INTO user_id VALUES ('9K93W88HC08CB025P5YCWXLJTYE5ES');
INSERT INTO user_id VALUES ('NU1SNFYXXLPXPA0SGJ12ALTSJMKXD3');
INSERT INTO user_id VALUES ('TLBDTSBETRFGM8E4Z03OGNX9EMXED6');
INSERT INTO user_id VALUES ('JL5NNNNALOMRX9IUBFW88034UDK7E4');
INSERT INTO user_id VALUES ('83UAWJXP0XXUTIC4IG38G7ST634LDP');
INSERT INTO user_id VALUES ('JP324AQJ4M11QNHCTUP5XRB9CQH26S');
INSERT INTO user_id VALUES ('3NWPN62IDX1Z6TRCY4VVGKC0DZIINA');
INSERT INTO user_id VALUES ('B87Z7QMJ1PSXTWQWDJXG3AQTLQGY8H');
INSERT INTO user_id VALUES ('O6SNNO5QGHC6S06G1W1FJ3DHCMXRUT');
INSERT INTO user_id VALUES ('JKDQCMOFRLUQLNRH9K15A3WHVGQ96T');
INSERT INTO user_id VALUES ('9QINN63MBTGSC38GV2BQS1PKMT7GPG');
INSERT INTO user_id VALUES ('FQRMG8DLW5HF12J84DGN07792G1KWD');
INSERT INTO user_id VALUES ('ABMPJZLAN98LH2J1WK53L2D3GFV2O6');
INSERT INTO user_id VALUES ('L987687F5QAMUL9JKYVN8L6BHC0MPJ');
INSERT INTO user_id VALUES ('CN4JVY6XIEN6W0F9MP0QRRH8SPSSHM');
INSERT INTO user_id VALUES ('ZNUPV0F8CPOO91MW04W210OFM49FB0');
INSERT INTO user_id VALUES ('LJZN8NOBQMQGOV4ZZXJOM1A5ZE0HYK');
INSERT INTO user_id VALUES ('9JWU3UFTBU9VLRU3B7B9RKPLUR72SN');
INSERT INTO user_id VALUES ('UHDG6YETACMLIJFK8FJBTFY57YDXIB');
INSERT INTO user_id VALUES ('M6P2C0WMZK9R9HE2OFA7OUTO8PPUUW');
INSERT INTO user_id VALUES ('L944O5Q6U5K0FBQYPLQCI0ANQGHYZU');
INSERT INTO user_id VALUES ('U04KQYMOLL5FWIT1EQDN0ECL1X1JUF');
INSERT INTO user_id VALUES ('7QBECH6DL8K364RGJBZ5H66X2OLFLM');
INSERT INTO user_id VALUES ('SWRZOYHV5RN6KUDY5976NO2HSMD9O5');
INSERT INTO user_id VALUES ('5VGGDTLTHEAPDOR31HZQBRM4SNSQVN');
INSERT INTO account VALUES ('ARS', 468053, 'PHHZ4DOSGR1DCKUMHEVIKBD7SK5EUQ');
INSERT INTO account VALUES ('ARS', 720192, 'XJH7R1XMYP61Z3M7A5DH5SIY0JZZ9R');
INSERT INTO account VALUES ('GBP', 190471, '25PI3G6WUGG5TTDNLV6EPYGU1PVB29');
INSERT INTO account VALUES ('EUR', 155697, 'PXSMB84A4ONOWSBZ4RY5CFRLF7DLAX');
INSERT INTO account VALUES ('ARS', 259231, 'XQDTDRDNYIP70FBWJTARN5P4QIKBQC');
INSERT INTO account VALUES ('ARS', 571742, 'ZRWT2MMXG5G01LXBSZ7V9DSZ82A2ME');
INSERT INTO account VALUES ('GBP', 920947, 'H5KIFLT9OEFQB2H66V852OK1HR0WZD');
INSERT INTO account VALUES ('GBP', 167973, '19P0J18IYHU68XWVYXVO2YUGU9RE2C');
INSERT INTO account VALUES ('USD', 255020, 'EJFWUZCAZASUQ9J6TXES157YYE21U0');
INSERT INTO account VALUES ('USD', 336438, '31KRIICR9U7NUGHH2JXDJIF37F5X7C');
INSERT INTO account VALUES ('ARS', 509244, 'AL72HR2KW7DSNO47ZGLBDH747HVO7N');
INSERT INTO account VALUES ('EUR', 148969, 'T35T9R3BM93P8C0OXYSE5PWSTZFYWH');
INSERT INTO account VALUES ('EUR', 548943, 'E5ZPJURPS8K5B27SW7T80LM4O2YJU5');
INSERT INTO account VALUES ('ARS', 711292, 'XKF1TIEKHU52OYIQWUT18C0GMD6TYW');
INSERT INTO account VALUES ('GBP', 149089, '6XC3OBZDZHUHV39LP6H0CEXTV2TTP2');
INSERT INTO account VALUES ('GBP', 819112, '60FMWXAZ1I2YCLJZLJI3HFNV6NM8JW');
INSERT INTO account VALUES ('ARS', 914828, 'F4EA742WPZQNBLIGFT4BEX0HE5YRH9');
INSERT INTO account VALUES ('EUR', 367989, '08H8WPRJ3XFBYILQKKLYJPW9Z1WWUQ');
INSERT INTO account VALUES ('GBP', 520268, 'FAMSFVCK9OCOXJ5HKKWU0OS11T2QJV');
INSERT INTO account VALUES ('ARS', 318305, 'ZN35QOHX6IKBU5Z13X1SJ8MXELEWGJ');
INSERT INTO account VALUES ('EUR', 114182, '7JCMYUC67JJZTF1G896ZUU3P0PFBJS');
INSERT INTO account VALUES ('GBP', 89472, 'E2F1MOH2HJ8UVNOQZN06R89QKOF2DR');
INSERT INTO account VALUES ('EUR', 491334, 'SONHBYE2TVR2S8JSII479JV68KR397');
INSERT INTO account VALUES ('ARS', 590194, 'EVDLI1WUH0VOT2T4WBTKTE8HONTH7H');
INSERT INTO account VALUES ('GBP', 383504, 'SOMDXU7CNUQN22GEXTFWY81SFVLOM2');
INSERT INTO account VALUES ('ARS', 833528, 'A208KBYNHK186HR3ECMPANMGUX2Y56');
INSERT INTO account VALUES ('USD', 454664, '5X1WR4ZAHVWLPJF0FEVYOAIAE94P66');
INSERT INTO account VALUES ('ARS', 639386, 'FSI39NXN89S1X9L7O2CNPBQVSFX5YB');
INSERT INTO account VALUES ('EUR', 438022, 'PVS4G6Y55GKGAJB1TLZ23UCCUKES8O');
INSERT INTO account VALUES ('EUR', 34946, '6JFCRCQ79RGX7KTAJJNQUDEWZ2RYSX');
INSERT INTO account VALUES ('ARS', 36540, 'YCACDYHWJWDRXYISNPWWXN9II3N8E9');
INSERT INTO account VALUES ('USD', 492362, 'ARFS78MALTNFTZ34WJN15GG9IE741P');
INSERT INTO account VALUES ('GBP', 660809, 'B3ZZ8II3HASYF13X52X9DZ8HWTTMHL');
INSERT INTO account VALUES ('EUR', 842707, '4QQ36QUDWMBL51SXBIXBPKV67R3EW8');
INSERT INTO account VALUES ('ARS', 171878, '4RIGZD6IR8ROJSVWDQLJ02CVTBTU7J');
INSERT INTO account VALUES ('GBP', 309653, '23VGV65F4WQHZNAZ8UBMA3QUMHNYDR');
INSERT INTO account VALUES ('EUR', 764888, 'QMEONW8IOUCPD5WCP7320IL72AMO0C');
INSERT INTO account VALUES ('USD', 377564, 'OZPNCCTRP6MXSKNGYJN8KQ43H6MZ4V');
INSERT INTO account VALUES ('ARS', 225504, 'N5ZBOHFPIJ9AVAM9FWS09OG14DAVWN');
INSERT INTO account VALUES ('USD', 822406, 'GM9WS4335SF9KG0V99LPFFC6X9G3GN');
INSERT INTO account VALUES ('ARS', 886728, '4VFZTVHMDLUKXCGW70ZR76I6BJ6TIQ');
INSERT INTO account VALUES ('EUR', 581956, 'GPJC0EXVI9LY4LHBBHWYRA08R3JTU6');
INSERT INTO account VALUES ('ARS', 818951, 'VCM41XQLL3606XOBFMA1OH9WN0SGDR');
INSERT INTO account VALUES ('EUR', 533292, '2AL6OPAHTMHHLUOYWEEM4TPMGVGBCM');
INSERT INTO account VALUES ('GBP', 977127, 'F4FH2IJ25FDD0GG83SWVNNQF8EM9EX');
INSERT INTO account VALUES ('ARS', 945416, 'VCER2HRE02PCV7V02PPZBIZDDP852Q');
INSERT INTO account VALUES ('EUR', 341005, '3SG06YWFKYV7EQN6GBWI7KBUUACVV6');
INSERT INTO account VALUES ('ARS', 975896, 'N5FWL0NINGE9TZNFQ8AQ2TB7B5PZ5I');
INSERT INTO account VALUES ('ARS', 958634, '8VY7KS58T0W2H7UDUK75SJK82SN33Q');
INSERT INTO account VALUES ('ARS', 986, '2WF8J1834DU3M7Y8CZTNGLREHL4P5R');
INSERT INTO account VALUES ('GBP', 521566, 'MRVA3OVU7HVWH10DAU59VJKP8EKH6N');
INSERT INTO account VALUES ('ARS', 568379, '2QR1YO0YRDBC1BGLJJG56CM8721A5H');
INSERT INTO account VALUES ('EUR', 735330, 'TW52C11LF30NI9RDQPMGMOBXA70RA5');
INSERT INTO account VALUES ('EUR', 825425, 'K9AXC9NT3SM5321WRMGRFRPW5MKH7Y');
INSERT INTO account VALUES ('ARS', 666518, 'PNKT95WZM8UWL6WUPZG813WBJ7T6N2');
INSERT INTO account VALUES ('EUR', 322444, 'NTB6VC6T5IVBN9ZGI56QB6Z8JETGFQ');
INSERT INTO account VALUES ('GBP', 33289, 'ZLVW8KLAIHBXDLT0SDN96BQOUA10C3');
INSERT INTO account VALUES ('GBP', 426440, '9YI674OIWI62KV2K8B2Q5TOZC6ZL0W');
INSERT INTO account VALUES ('GBP', 734576, 'OC9VR5HR2TOHDU9HIA49OH3AXNT95J');
INSERT INTO account VALUES ('ARS', 40735, 'JEGN8MRV1KFUVVPHV8GFO1BF3TL7YW');
INSERT INTO account VALUES ('USD', 498747, 'KV6B7JYMHDTYTIIS45TPSTBI6LETCT');
INSERT INTO account VALUES ('GBP', 482179, 'APL8XD6MK11N47UEK1506BAUNT52WI');
INSERT INTO account VALUES ('ARS', 408402, '8VZCF1J1VVV24O6IB1JGMO4OG7JN4X');
INSERT INTO account VALUES ('GBP', 623230, 'MLROGTDGHJT72GRTMD4E1YTXRD4UIB');
INSERT INTO account VALUES ('GBP', 184945, 'H8CGJ10MYR0CKQY1YLV3PUB0AMRJFL');
INSERT INTO account VALUES ('ARS', 388611, 'SGC7XSDR36TTTIN7064V6K1THZO1PS');
INSERT INTO account VALUES ('USD', 657612, 'OVKWONEUBRQEVD57JEW42J6FJLHPRM');
INSERT INTO account VALUES ('USD', 5314, 'JZHG3AMCV9BZCEL4LJ632IETQQGCHM');
INSERT INTO account VALUES ('ARS', 51773, '0N7NKFQ62WXX7G2CQ2R3ODULW4F9Q0');
INSERT INTO account VALUES ('EUR', 500811, '8L27FGRDX7H64VD4NF8DXJV3US3316');
INSERT INTO account VALUES ('ARS', 11077, 'HOJXYHJR9VFKYIF6ANNWE6FLI1EB7Y');
INSERT INTO account VALUES ('GBP', 92071, 'Z9PU7HYMQ6I2RJH3J8ENI5IBK9W50N');
INSERT INTO account VALUES ('EUR', 61560, 'K8ZT08Y9GS0YO3UAHQQPXZ8VSTY1YF');
INSERT INTO account VALUES ('GBP', 504908, 'SLAEGA356GRN6CASULWZ82WJAYF7ZJ');
INSERT INTO account VALUES ('USD', 738221, 'ZREO6FQ7S5JNL7B6CXF78VOXPJPNDQ');
INSERT INTO account VALUES ('EUR', 328590, '9K93W88HC08CB025P5YCWXLJTYE5ES');
INSERT INTO account VALUES ('EUR', 52673, 'NU1SNFYXXLPXPA0SGJ12ALTSJMKXD3');
INSERT INTO account VALUES ('GBP', 448359, 'TLBDTSBETRFGM8E4Z03OGNX9EMXED6');
INSERT INTO account VALUES ('EUR', 163550, 'JL5NNNNALOMRX9IUBFW88034UDK7E4');
INSERT INTO account VALUES ('USD', 341159, '83UAWJXP0XXUTIC4IG38G7ST634LDP');
INSERT INTO account VALUES ('ARS', 279283, 'JP324AQJ4M11QNHCTUP5XRB9CQH26S');
INSERT INTO account VALUES ('USD', 420400, '3NWPN62IDX1Z6TRCY4VVGKC0DZIINA');
INSERT INTO account VALUES ('GBP', 887191, 'B87Z7QMJ1PSXTWQWDJXG3AQTLQGY8H');
INSERT INTO account VALUES ('EUR', 265702, 'O6SNNO5QGHC6S06G1W1FJ3DHCMXRUT');
INSERT INTO account VALUES ('USD', 52583, 'JKDQCMOFRLUQLNRH9K15A3WHVGQ96T');
INSERT INTO account VALUES ('ARS', 516981, '9QINN63MBTGSC38GV2BQS1PKMT7GPG');
INSERT INTO account VALUES ('USD', 992104, 'FQRMG8DLW5HF12J84DGN07792G1KWD');
INSERT INTO account VALUES ('USD', 521993, 'ABMPJZLAN98LH2J1WK53L2D3GFV2O6');
INSERT INTO account VALUES ('USD', 21277, 'L987687F5QAMUL9JKYVN8L6BHC0MPJ');
INSERT INTO account VALUES ('GBP', 42296, 'CN4JVY6XIEN6W0F9MP0QRRH8SPSSHM');
INSERT INTO account VALUES ('EUR', 701901, 'ZNUPV0F8CPOO91MW04W210OFM49FB0');
INSERT INTO account VALUES ('ARS', 140989, 'LJZN8NOBQMQGOV4ZZXJOM1A5ZE0HYK');
INSERT INTO account VALUES ('EUR', 46840, '9JWU3UFTBU9VLRU3B7B9RKPLUR72SN');
INSERT INTO account VALUES ('GBP', 873045, 'UHDG6YETACMLIJFK8FJBTFY57YDXIB');
INSERT INTO account VALUES ('ARS', 91393, 'M6P2C0WMZK9R9HE2OFA7OUTO8PPUUW');
INSERT INTO account VALUES ('USD', 939908, 'L944O5Q6U5K0FBQYPLQCI0ANQGHYZU');
INSERT INTO account VALUES ('EUR', 550098, 'U04KQYMOLL5FWIT1EQDN0ECL1X1JUF');
INSERT INTO account VALUES ('ARS', 403136, '7QBECH6DL8K364RGJBZ5H66X2OLFLM');
INSERT INTO account VALUES ('USD', 952995, 'SWRZOYHV5RN6KUDY5976NO2HSMD9O5');
INSERT INTO account VALUES ('GBP', 561671, '5VGGDTLTHEAPDOR31HZQBRM4SNSQVN');
INSERT INTO pool VALUES (1, 'ARS', 1551008, 'GBP', 4891736);
INSERT INTO pool VALUES (2, 'ARS', 5243954, 'EUR', 8435432);
INSERT INTO pool VALUES (3, 'EUR', 3012677, 'USD', 4065812);
INSERT INTO pool VALUES (4, 'GBP', 1248748, 'USD', 7751628);
INSERT INTO pool VALUES (5, 'EUR', 8155398, 'GBP', 2719571);
INSERT INTO pool VALUES (6, 'ARS', 4867816, 'USD', 2100201);
INSERT INTO liquidity_token VALUES (1, 2754473);
INSERT INTO liquidity_token VALUES (2, 6650941);
INSERT INTO liquidity_token VALUES (3, 3499854);
INSERT INTO liquidity_token VALUES (4, 3111242);
INSERT INTO liquidity_token VALUES (5, 4709478);
INSERT INTO liquidity_token VALUES (6, 3197403);
INSERT INTO liquidity_token_ownership VALUES (1, '7JCMYUC67JJZTF1G896ZUU3P0PFBJS', 932503);
INSERT INTO liquidity_token_ownership VALUES (1, 'GM9WS4335SF9KG0V99LPFFC6X9G3GN', 935726);
INSERT INTO liquidity_token_ownership VALUES (2, '3SG06YWFKYV7EQN6GBWI7KBUUACVV6', 6147033);
INSERT INTO liquidity_token_ownership VALUES (2, 'NU1SNFYXXLPXPA0SGJ12ALTSJMKXD3', 1189559);
INSERT INTO liquidity_token_ownership VALUES (2, '7QBECH6DL8K364RGJBZ5H66X2OLFLM', 5973846);
INSERT INTO liquidity_token_ownership VALUES (3, 'ZRWT2MMXG5G01LXBSZ7V9DSZ82A2ME', 1263133);
INSERT INTO liquidity_token_ownership VALUES (3, 'HOJXYHJR9VFKYIF6ANNWE6FLI1EB7Y', 1211460);
INSERT INTO liquidity_token_ownership VALUES (4, '4RIGZD6IR8ROJSVWDQLJ02CVTBTU7J', 2390969);
INSERT INTO liquidity_token_ownership VALUES (4, 'APL8XD6MK11N47UEK1506BAUNT52WI', 2989286);
INSERT INTO liquidity_token_ownership VALUES (4, 'B87Z7QMJ1PSXTWQWDJXG3AQTLQGY8H', 2877173);
INSERT INTO liquidity_token_ownership VALUES (5, '7JCMYUC67JJZTF1G896ZUU3P0PFBJS', 2788658);
INSERT INTO liquidity_token_ownership VALUES (5, 'EVDLI1WUH0VOT2T4WBTKTE8HONTH7H', 3878843);
INSERT INTO liquidity_token_ownership VALUES (5, 'N5ZBOHFPIJ9AVAM9FWS09OG14DAVWN', 1104380);
INSERT INTO liquidity_token_ownership VALUES (5, 'GM9WS4335SF9KG0V99LPFFC6X9G3GN', 2793631);
INSERT INTO liquidity_token_ownership VALUES (5, 'PNKT95WZM8UWL6WUPZG813WBJ7T6N2', 398700);
INSERT INTO liquidity_token_ownership VALUES (5, 'JEGN8MRV1KFUVVPHV8GFO1BF3TL7YW', 1024153);
INSERT INTO liquidity_token_ownership VALUES (5, 'FQRMG8DLW5HF12J84DGN07792G1KWD', 4240536);
INSERT INTO liquidity_token_ownership VALUES (6, 'B3ZZ8II3HASYF13X52X9DZ8HWTTMHL', 1698201);
INSERT INTO liquidity_token_ownership VALUES (6, 'N5FWL0NINGE9TZNFQ8AQ2TB7B5PZ5I', 719369);
INSERT INTO liquidity_token_ownership VALUES (6, 'CN4JVY6XIEN6W0F9MP0QRRH8SPSSHM', 162655);
